nickname,datetime
이든,2025-02-18 10:08
빙봉,2025-02-18 10:07
빙티,2025-02-18 10:02
쿠키,2025-02-18 10:02
짱수,2025-02-18 10:00
이든,2025-02-17 10:08
빙봉,2025-02-17 10:07
빙티,2025-02-17 10:02
쿠키,2025-02-17 10:02
짱수,2025-02-17 10:00
쿠키,2025-02-14 13:03
빙봉,2025-02-14 13:02
이든,2025-02-14 13:01
짱수,2025-02-14 13:00
쿠키,2025-02-13 10:08
빙봉,2025-02-13 10:07
빙티,2025-02-13 10:07
이든,2025-02-13 10:07
빙봉,2025-02-12 11:11
이든,2025-02-12 10:06
짱수,2025-02-12 10:00
빙봉,2025-02-11 10:02
쿠키,2025-02-11 10:02
빙티,2025-02-10 10:08
빙봉,2025-02-10 10:06
이든,2025-02-10 10:02
쿠키,2025-02-10 10:01
짱수,2025-02-10 10:00
빙봉,2025-02-07 13:06
이든,2025-02-07 13:02
쿠키,2025-02-07 13:01
빙티,2025-02-07 13:00
짱수,2025-02-07 13:00
빙봉,2025-02-06 10:08
이든,2025-02-06 10:07
빙티,2025-02-06 10:01
짱수,2025-02-06 10:00
쿠키,2025-02-05 10:07
빙봉,2025-02-05 10:06
빙티,2025-02-05 10:06
짱수,2025-02-05 10:00
이든,2025-02-04 10:08
빙봉,2025-02-04 10:07
빙티,2025-02-04 10:02
쿠키,2025-02-04 10:02
짱수,2025-02-04 10:00
빙티,2025-02-03 10:07
이든,2025-02-03 10:06
쿠키,2025-02-03 10:06
빙봉,2025-02-03 10:03
짱수,2025-02-03 10:00
